Campaign,Ad Group,Final URL,Headline 1,Headline 2,Headline 3,Headline 4,Headline 5,Headline 6,Headline 7,Headline 8,Headline 9,Headline 10,Headline 11,Headline 12,Headline 13,Headline 14,Headline 15,Description 1,Description 2,Description 3,Description 4,Path 1,Path 2
Fight Health Insurance - Microsites,Appealing MRI Denials,https://fighthealthinsurance.com/microsite/mri-denial/,Appealing MRI Denials,Appeal Your MRI Denial,Start your MRI appeal — it ta…,Appeal MRI Scan Denial,Fight Insurance Denials,Free Appeal Help,AI-Powered Appeal Letters,Insurance often denies MRIs a…,,,,,,,,"Don’t let ""not medically necessary"" stop you from getting real answers.","We help you explain your symptoms, clinical history, and physician recommendations in a w…",MRIs get denied all the time — usually because the insurer wants cheaper imaging first or…,Free AI-powered tool to help you write persuasive insurance appeal letters.,mri,denial
Fight Health Insurance - Microsites,Appealing CT Scan Denials,https://fighthealthinsurance.com/microsite/ct-scan-denial/,Appealing CT Scan Denials,Appeal Your CT Scan Denial,Start your CT scan appeal.,Appeal CT Scan Denial,Fight Insurance Denials,Free Appeal Help,AI-Powered Appeal Letters,Step-by-step help appealing C…,,,,,,,,"When your doctor orders it, insurers shouldn’t second-guess them.","We help you articulate the clinical urgency and rationale behind your CT order, backed by…",CT scans are often denied because insurers think the issue isn’t urgent or could be diagn…,Free AI-powered tool to help you write persuasive insurance appeal letters.,ct,scan
Fight Health Insurance - Microsites,Appealing Sleep Study Denials,https://fighthealthinsurance.com/microsite/sleep-study-denial/,Appealing Sleep Study Denials,Appeal Your Sleep Study Denial,Start your sleep study appeal.,Appeal Sleep Study (Polysomno…,Fight Insurance Denials,Free Appeal Help,AI-Powered Appeal Letters,Insurers frequently require a…,,,,,,,,"Whether in-lab or at home, testing for sleep disorders shouldn’t be a battle.","We help you clarify symptoms like snoring, apnea episodes, daytime sleepiness, and medica…",Sleep studies are denied constantly — often because insurers want a home test first or do…,Free AI-powered tool to help you write persuasive insurance appeal letters.,sleep,study
Fight Health Insurance - Microsites,Appealing CPAP Denials,https://fighthealthinsurance.com/microsite/cpap-denial/,Appealing CPAP Denials,Appeal Your CPAP Denial,Start your CPAP appeal.,Appeal CPAP Machine or Suppli…,Fight Insurance Denials,Free Appeal Help,AI-Powered Appeal Letters,Helpful for OSA patients deni…,,,,,,,,Insurers often deny CPAP coverage despite your doctor's prescription.,"We help you appeal by asking questions and helping you explain symptoms, severity, diagno…","Insurers regularly deny CPAP machines and supplies, often claiming test results don't mee…",Free AI-powered tool to help you write persuasive insurance appeal letters.,cpap,denial
Fight Health Insurance - Microsites,Appealing Physical/Occupational/Speech Therapy Denials,https://fighthealthinsurance.com/microsite/pt-ot-st-denial/,Appealing Physical/Occupation…,"Appeal Your Physical, Occupat…",Start your therapy appeal.,Appeal Physical / Occupationa…,Fight Insurance Denials,Free Appeal Help,AI-Powered Appeal Letters,Appeal visit-limit denials an…,,,,,,,,"Movement, recovery, and communication aren’t optional.","We help you explain your functional goals, progress, and clinician recommendations clearl…","Insurers often deny therapy by calling it ""maintenance care"" or limiting visit counts. Yo…",Free AI-powered tool to help you write persuasive insurance appeal letters.,pt,ot
Fight Health Insurance - Microsites,Appealing Mental Health Care Denials,https://fighthealthinsurance.com/microsite/mental-health-denial/,Appealing Mental Health Care…,Appeal Your Mental Health Car…,Start your mental health appe…,Appeal Psychiatry / Therapy S…,Fight Insurance Denials,Free Appeal Help,AI-Powered Appeal Letters,Mental health parity laws exi…,,,,,,,,Mental health care is real health care.,"We can help you explain your symptoms, risks, impact on daily life, and your clinician’s…","Therapy and psychiatric care get denied for absurd reasons like ""not medically necessary""…",Free AI-powered tool to help you write persuasive insurance appeal letters.,mental,health
Fight Health Insurance - Microsites,Appealing Infusion Therapy Denials,https://fighthealthinsurance.com/microsite/infusion-therapy-denial/,Appealing Infusion Therapy De…,Appeal Your Infusion Therapy…,Start your infusion appeal.,Appeal Infusion Therapy Denial,Fight Insurance Denials,Free Appeal Help,AI-Powered Appeal Letters,"Covers IVIG, chemo, biologics…",,,,,,,,"When your doctor orders infusion therapy, insurers shouldn't stand in the way.","We help you explain your diagnosis, risks of delaying treatment, and why the ordered site…","Insurers deny infusions due to cost, preferred site-of-care, or claims of ""non-medical ne…",Free AI-powered tool to help you write persuasive insurance appeal letters.,infusion,therapy
Fight Health Insurance - Microsites,Appealing IVIG Denials,https://fighthealthinsurance.com/microsite/ivig-denial/,Appealing IVIG Denials,Appeal Your IVIG Denial,Start your IVIG appeal.,Appeal IVIG Infusion Denial,Fight Insurance Denials,Free Appeal Help,AI-Powered Appeal Letters,IVIG denials are common but o…,,,,,,,,IVIG denials are extremely common — but often reversible.,"We help you explain diagnostic markers, prior treatments, symptom history, and clinical r…",IVIG denials often happen because insurers don't understand the exact diagnostic criteria…,Free AI-powered tool to help you write persuasive insurance appeal letters.,ivig,denial
Fight Health Insurance - Microsites,Appealing Biologic Medication Denials,https://fighthealthinsurance.com/microsite/biologic-denial/,Appealing Biologic Medication…,Appeal Your Biologic Medicati…,Start your biologic appeal.,Appeal Biologic Medication De…,Fight Insurance Denials,Free Appeal Help,AI-Powered Appeal Letters,Help appealing biologic denia…,,,,,,,,"Humira, Skyrizi, Stelara, Entyvio, and others are routinely denied.","We help you articulate clinical severity, treatment failures, diagnostic evidence, and me…","Biologics for RA, Crohn's, psoriasis and more are often denied for step therapy or ""insuf…",Free AI-powered tool to help you write persuasive insurance appeal letters.,biologic,denial
Fight Health Insurance - Microsites,Appealing Oxygen Therapy Denials,https://fighthealthinsurance.com/microsite/oxygen-therapy-denial/,Appealing Oxygen Therapy Deni…,Appeal Your Oxygen Therapy De…,Start your oxygen therapy app…,Appeal Home Oxygen Therapy De…,Fight Insurance Denials,Free Appeal Help,AI-Powered Appeal Letters,Help appealing oxygen therapy…,,,,,,,,COPD and pulmonary patients are denied oxygen far too often.,"We help you explain symptoms, functional limits, risks, and test results to support medic…",Oxygen therapy is frequently denied over narrow testing thresholds or documentation gaps.,Free AI-powered tool to help you write persuasive insurance appeal letters.,oxygen,therapy
Fight Health Insurance - Microsites,Appealing Wheelchair or Mobility Aid Denials,https://fighthealthinsurance.com/microsite/wheelchair-denial/,Appealing Wheelchair or Mobil…,Appeal Your Wheelchair or Mob…,Start your mobility appeal.,Appeal Wheelchair / Mobility…,Fight Insurance Denials,Free Appeal Help,AI-Powered Appeal Letters,Mobility is a medical necessi…,,,,,,,,Wheelchairs and mobility aids get denied constantly for bad reasons.,"We help you present clear functional limitations, clinician recommendations, and why the…","Insurers often deny mobility devices due to coding issues, documentation gaps, or ""not me…",Free AI-powered tool to help you write persuasive insurance appeal letters.,wheelchair,denial
Fight Health Insurance - Microsites,Appealing Surgery Denials,https://fighthealthinsurance.com/microsite/surgery-denial/,Appealing Surgery Denials,Appeal Your Surgery Denial,Start your surgery appeal.,Appeal Surgery Denial,Fight Insurance Denials,Free Appeal Help,AI-Powered Appeal Letters,When your doctor says it’s ne…,,,,,,,,Surgery denials often rely on outdated or incorrect standards.,"We help you document severity, prior treatments, imaging findings, and medical necessity.",Surgeries get denied because insurers think conservative care hasn’t been exhausted or sy…,Free AI-powered tool to help you write persuasive insurance appeal letters.,surgery,denial
Fight Health Insurance - Microsites,Appealing Implantable Device Denials,https://fighthealthinsurance.com/microsite/implantable-device-denial/,Appealing Implantable Device…,Appeal Your Implantable Devic…,Start your implant appeal.,Appeal Implantable Device or…,Fight Insurance Denials,Free Appeal Help,AI-Powered Appeal Letters,Implants can be life-changing…,,,,,,,,"Spinal stimulators, cardiac devices, and pain pumps are often denied for cost reasons.","We help you outline clinical justification, symptom history, and why non-implant treatmen…","Insurers often deny implants due to cost, labeling them ""experimental"" or requiring unnec…",Free AI-powered tool to help you write persuasive insurance appeal letters.,implantable,device
Fight Health Insurance - Microsites,Appealing Pain Management Denials,https://fighthealthinsurance.com/microsite/pain-management-denial/,Appealing Pain Management Den…,Appeal Your Pain Management T…,Start your pain management ap…,Appeal Pain Management Treatm…,Fight Insurance Denials,Free Appeal Help,AI-Powered Appeal Letters,Help appealing denials for pa…,,,,,,,,Pain care gets denied constantly — we can help reverse that.,"We help you articulate diagnosis, severity, prior treatments, and clinical justification…","Pain treatments get denied because insurers love to call them ""experimental"" or require w…",Free AI-powered tool to help you write persuasive insurance appeal letters.,pain,management
Fight Health Insurance - Microsites,Appealing Prenatal Care Denials,https://fighthealthinsurance.com/microsite/prenatal-denial/,Appealing Prenatal Care Denia…,Appeal Your Prenatal Care Den…,Start your prenatal care appe…,Appeal Prenatal Care / Ultras…,Fight Insurance Denials,Free Appeal Help,AI-Powered Appeal Letters,Pregnancy care should never b…,,,,,,,,Ultrasounds and prenatal monitoring are essential care.,"We help you clarify risks, symptoms, and physician recommendations.","Prenatal care often gets denied due to coding errors or nonsense ""not medically necessary…",Free AI-powered tool to help you write persuasive insurance appeal letters.,prenatal,denial
Fight Health Insurance - Microsites,Appealing Breast Imaging Denials,https://fighthealthinsurance.com/microsite/breast-imaging-denial/,Appealing Breast Imaging Deni…,Appeal Your Breast Imaging De…,Start your breast imaging app…,Appeal Mammogram / Breast MRI…,Fight Insurance Denials,Free Appeal Help,AI-Powered Appeal Letters,Early detection saves lives —…,,,,,,,,High-risk screening often gets denied — your appeal can fix that.,"We help you explain risk factors, symptoms, and why additional imaging was recommended.","Mammograms, ultrasounds, and breast MRIs can be denied when insurers claim you're not ""hi…",Free AI-powered tool to help you write persuasive insurance appeal letters.,breast,imaging
Fight Health Insurance - Microsites,Appealing Facial Feminization Surgery (FFS) Denials,https://fighthealthinsurance.com/microsite/ffs-denial/,Appealing Facial Feminization…,Appeal Your FFS Denial,Start your FFS appeal.,Appeal Facial Feminization Su…,Fight Insurance Denials,Free Appeal Help,AI-Powered Appeal Letters,Insurers often incorrectly cl…,,,,,,,,"Insurers often deny FFS incorrectly as ""cosmetic"" — your appeal can address this.","We help you document dysphoria, functional impairments, safety concerns, and WPATH-consis…",FFS is frequently denied by insurers who misclassify it as cosmetic. Appeals succeed when…,Free AI-powered tool to help you write persuasive insurance appeal letters.,ffs,denial
Fight Health Insurance - Microsites,Appealing Transmasculine Top Surgery Denials,https://fighthealthinsurance.com/microsite/top-surgery-masc-denial/,Appealing Transmasculine Top…,Appeal Your Top Surgery Denial,Start your top surgery appeal.,Appeal Chest Reconstruction (…,Fight Insurance Denials,Free Appeal Help,AI-Powered Appeal Letters,If your provider recommended…,,,,,,,,Insurers often demand outdated or unnecessary requirements — we help you push back.,"We help you cite WPATH standards, document dysphoria and functional limitations, and pres…",Top surgery denials typically rely on outdated guidelines or incorrect criteria. A strong…,Free AI-powered tool to help you write persuasive insurance appeal letters.,top,surgery
Fight Health Insurance - Microsites,Appealing Transfeminine Breast Augmentation Denials,https://fighthealthinsurance.com/microsite/top-surgery-fem-denial/,Appealing Transfeminine Breas…,Appeal Your Breast Augmentati…,Start your appeal.,Appeal Breast Augmentation (G…,Fight Insurance Denials,Free Appeal Help,AI-Powered Appeal Letters,Breast augmentation for trans…,,,,,,,,Many insurers rely on outdated criteria — appeals often succeed with proper documentation.,"We help you build a strong appeal documenting medical necessity, dysphoria reduction alig…","Gender-affirming breast augmentation is frequently denied as ""cosmetic,"" even when medica…",Free AI-powered tool to help you write persuasive insurance appeal letters.,top,surgery
Fight Health Insurance - Microsites,Appealing Electrolysis & Gender-Affirming Hair Removal Denials,https://fighthealthinsurance.com/microsite/electrolysis-denial/,Appealing Electrolysis & Gend…,Appeal Your Electrolysis Deni…,Start your electrolysis appea…,Appeal Electrolysis / Laser H…,Fight Insurance Denials,Free Appeal Help,AI-Powered Appeal Letters,Hair removal is often require…,,,,,,,,"Gender-affirming hair removal is medically necessary for many people, especially pre-op.",We help you show medical necessity and when applicable clarify surgical requirements that…,Electrolysis and laser hair removal are often necessary before genital surgeries and to r…,Free AI-powered tool to help you write persuasive insurance appeal letters.,electrolysis,denial
Fight Health Insurance - Microsites,Appealing Voice Therapy Denials,https://fighthealthinsurance.com/microsite/voice-therapy-denial/,Appealing Voice Therapy Denia…,Appeal Your Voice Therapy Den…,Start your voice therapy appe…,Appeal Voice Therapy (Gender-…,Fight Insurance Denials,Free Appeal Help,AI-Powered Appeal Letters,Voice therapy is medically ne…,,,,,,,,Insurers often misclassify voice work as cosmetic or elective — which is incorrect.,"We help you explain clinical necessity, communication limitations, and dysphoria impacts…","Gender-affirming voice therapy reduces dysphoria, improves safety, and supports communica…",Free AI-powered tool to help you write persuasive insurance appeal letters.,voice,therapy
Fight Health Insurance - Microsites,Appealing Voice Surgery Denials,https://fighthealthinsurance.com/microsite/voice-surgery-denial/,Appealing Voice Surgery Denia…,Appeal Your Voice Surgery Den…,Start your voice surgery appe…,Appeal Vocal Feminization / M…,Fight Insurance Denials,Free Appeal Help,AI-Powered Appeal Letters,Voice surgery is medically ne…,,,,,,,,Insurers frequently deny voice surgeries due to outdated criteria.,We help you build a WPATH-consistent appeal explaining why surgery is required and how co…,Voice surgeries are life-changing and medically necessary for many trans people. Insurers…,Free AI-powered tool to help you write persuasive insurance appeal letters.,voice,surgery
Fight Health Insurance - Microsites,Appealing Hormone Therapy (HRT) Denials,https://fighthealthinsurance.com/microsite/hrt-denial/,Appealing Hormone Therapy (HR…,Appeal Your Hormone Therapy D…,Start your HRT appeal.,Appeal Gender-Affirming Hormo…,Fight Insurance Denials,Free Appeal Help,AI-Powered Appeal Letters,When your doctor prescribes h…,,,,,,,,Denials often rely on outdated guidelines or incorrect coding.,"We help you fix coding issues, document dysphoria, and demonstrate clear medical necessit…","Hormone therapy denials often stem from coding errors, documentation issues, or outdated…",Free AI-powered tool to help you write persuasive insurance appeal letters.,hrt,denial
Fight Health Insurance - Microsites,Appealing Puberty Blocker Denials,https://fighthealthinsurance.com/microsite/puberty-blocker-denial/,Appealing Puberty Blocker Den…,Appeal Your Puberty Blocker D…,Start your puberty blocker ap…,Appeal Puberty Blockers (GnRH…,Fight Insurance Denials,Free Appeal Help,AI-Powered Appeal Letters,When your provider prescribes…,,,,,,,,Puberty blocker denials often require strong appeals with proper documentation.,We help you align documentation with WPATH and pediatric endocrine guidelines to overturn…,"Insurers often deny puberty blockers due to age requirements, documentation issues, or ou…",Free AI-powered tool to help you write persuasive insurance appeal letters.,puberty,blocker
Fight Health Insurance - Microsites,Appealing Gender-Affirming Genital Surgery Denials,https://fighthealthinsurance.com/microsite/grs-denial/,Appealing Gender-Affirming Ge…,Appeal Your Genital Surgery D…,Start your genital surgery ap…,Appeal Gender-Affirming Genit…,Fight Insurance Denials,Free Appeal Help,AI-Powered Appeal Letters,When your provider recommends…,,,,,,,,"Insurers deny GRS using outdated, incorrect, or discriminatory criteria.","We help you document dysphoria, prior treatments, safety concerns, and World Professional…",Insurers frequently deny gender-affirming genital surgery coverage based on obsolete guid…,Free AI-powered tool to help you write persuasive insurance appeal letters.,grs,denial
Fight Health Insurance - Microsites,Appealing Fertility Preservation Denials,https://fighthealthinsurance.com/microsite/fertility-preservation-denial/,Appealing Fertility Preservat…,Appeal Your Fertility Preserv…,Start your fertility preserva…,Appeal Fertility Preservation…,Fight Insurance Denials,Free Appeal Help,AI-Powered Appeal Letters,Many insurers must cover this…,,,,,,,,"Egg or sperm preservation before gender-affirming, oncology, and other care can be medica…",We help you reframe the request as medically necessary and supported by major medical soc…,Fertility preservation is critical for many trans people before starting HRT or undergoin…,Free AI-powered tool to help you write persuasive insurance appeal letters.,fertility,preservation
Fight Health Insurance - Microsites,Appealing GLP-1 Medication Denials,https://fighthealthinsurance.com/microsite/glp1-denial/,Appealing GLP-1 Medication De…,Appeal Your GLP-1 Medication…,Start your GLP-1 appeal in a…,Appeal GLP-1 Medication (Ozem…,Fight Insurance Denials,Free Appeal Help,AI-Powered Appeal Letters,Weight and diabetes meds are…,,,,,,,,"Whether for diabetes or obesity, GLP-1s are often medically necessary — not optional extr…","We help you explain your medical history, prior treatments, and obesity or diabetes-relat…",GLP-1 medications like semaglutide and tirzepatide are frequently denied because insurers…,Free AI-powered tool to help you write persuasive insurance appeal letters.,glp1,denial
Fight Health Insurance - Microsites,Appealing Migraine Medication Denials,https://fighthealthinsurance.com/microsite/migraine-med-denial/,Appealing Migraine Medication…,Appeal Your Migraine Medicati…,Start your migraine appeal no…,Appeal Migraine Medications (…,Fight Insurance Denials,Free Appeal Help,AI-Powered Appeal Letters,When migraines steal your lif…,,,,,,,,"CGRP meds, gepants, and triptans are often denied until you push back.","We help you explain how often you have migraines, how they affect work and daily life, wh…","Newer migraine medications are frequently denied as too expensive, not medically necessar…",Free AI-powered tool to help you write persuasive insurance appeal letters.,migraine,med
Fight Health Insurance - Microsites,Appealing Asthma Biologic Denials,https://fighthealthinsurance.com/microsite/asthma-biologic-denial/,Appealing Asthma Biologic Den…,Appeal Your Asthma Biologic D…,Start your asthma biologic ap…,Appeal Severe Asthma Biologic…,Fight Insurance Denials,Free Appeal Help,AI-Powered Appeal Letters,"For severe asthma, biologics…",,,,,,,,"If inhalers and steroids are not enough, insurers should not stand in the way of the next…","We help you explain your asthma history, ER visits, oral steroid bursts, and test results…","Biologic medications for severe asthma, such as omalizumab, dupilumab, and others, are of…",Free AI-powered tool to help you write persuasive insurance appeal letters.,asthma,biologic
Fight Health Insurance - Microsites,Appealing Eczema Biologic Denials,https://fighthealthinsurance.com/microsite/eczema-biologic-denial/,Appealing Eczema Biologic Den…,Appeal Your Eczema Biologic D…,Start your eczema biologic ap…,Appeal Biologic or Targeted T…,Fight Insurance Denials,Free Appeal Help,AI-Powered Appeal Letters,Severe eczema is not just dry…,,,,,,,,"When topical creams fail, insurers often fight advanced therapies. You can fight back.","We help you tell the story of your eczema: how much of your body is affected, how often y…","For moderate-to-severe atopic dermatitis, biologic drugs and targeted therapies can drama…",Free AI-powered tool to help you write persuasive insurance appeal letters.,eczema,biologic
Fight Health Insurance - Microsites,Appealing Insulin Pump and CGM Denials,https://fighthealthinsurance.com/microsite/insulin-pump-cgm-denial/,Appealing Insulin Pump and CG…,Appeal Your Insulin Pump or C…,Start your insulin pump or CG…,Appeal Insulin Pump or Contin…,Fight Insurance Denials,Free Appeal Help,AI-Powered Appeal Letters,For many people with diabetes…,,,,,,,,Insurers often set narrow criteria for diabetes technology. Your real-world data can chan…,"We ask you questions to help provide information about A1c trends, episodes of severe low…",Insulin pumps and continuous glucose monitors (CGMs) help people with diabetes keep blood…,Free AI-powered tool to help you write persuasive insurance appeal letters.,insulin,pump
Fight Health Insurance - Microsites,Appealing Prosthetic Limb Denials,https://fighthealthinsurance.com/microsite/prosthetic-denial/,Appealing Prosthetic Limb Den…,Appeal Your Prosthetic Limb D…,Start your prosthetic appeal.,Appeal Prosthetic Limb or Adv…,Fight Insurance Denials,Free Appeal Help,AI-Powered Appeal Letters,"Mobility, independence, and w…",,,,,,,,"When insurers push the cheapest option, you can push back with function and safety.","We help you describe your daily activities, work demands, fall risks, and medical conditi…","People who use prosthetic limbs often face denials for new devices, replacements, or adva…",Free AI-powered tool to help you write persuasive insurance appeal letters.,prosthetic,denial
Fight Health Insurance - Microsites,Appealing Hearing Aid and Cochlear Implant Denials,https://fighthealthinsurance.com/microsite/hearing-aid-denial/,Appealing Hearing Aid and Coc…,Appeal Your Hearing Aid or Co…,Start your hearing device app…,Appeal Hearing Aids or Cochle…,Fight Insurance Denials,Free Appeal Help,AI-Powered Appeal Letters,Communication is a health nee…,,,,,,,,"Even when policies are restrictive, you may still be able to win coverage for medically n…","We help you present your reports, speech and language impacts, workplace communication ne…",Many plans exclude hearing aids entirely or only cover very limited devices for certain a…,Free AI-powered tool to help you write persuasive insurance appeal letters.,hearing,aid
Fight Health Insurance - Microsites,Appealing Genetic Testing Denials,https://fighthealthinsurance.com/microsite/genetic-testing-denial/,Appealing Genetic Testing Den…,Appeal Your Genetic Testing D…,Start your genetic testing ap…,Appeal Genetic or Genomic Tes…,Fight Insurance Denials,Free Appeal Help,AI-Powered Appeal Letters,Genetic answers can change tr…,,,,,,,,"When testing could change your care, insurers should not dismiss it as unnecessary.","We help you show how test results will change management, summarize relevant family histo…","Genetic and genomic tests are often denied as experimental, not medically necessary, or n…",Free AI-powered tool to help you write persuasive insurance appeal letters.,genetic,testing
Fight Health Insurance - Microsites,Appealing PET Scan Denials,https://fighthealthinsurance.com/microsite/pet-scan-denial/,Appealing PET Scan Denials,Appeal Your PET Scan Denial,Start your PET scan appeal.,Appeal Positron Emission Tomo…,Fight Insurance Denials,Free Appeal Help,AI-Powered Appeal Letters,When staging or restaging can…,,,,,,,,PET scans are often key for cancer staging and treatment decisions — and often denied on…,"We help explain how PET results will affect treatment decisions, show that your situation…","PET scans are widely used in oncology and some neurologic and cardiac conditions, but ins…",Free AI-powered tool to help you write persuasive insurance appeal letters.,pet,scan
Fight Health Insurance - Microsites,Appealing Bariatric Surgery Denials,https://fighthealthinsurance.com/microsite/bariatric-surgery-denial/,Appealing Bariatric Surgery D…,Appeal Your Bariatric Surgery…,Start your bariatric surgery…,Appeal Metabolic or Bariatric…,Fight Insurance Denials,Free Appeal Help,AI-Powered Appeal Letters,Bariatric surgery treats a di…,,,,,,,,"When obesity is harming your health, surgery may be the evidence-based treatment.","We help you gather weight history, comorbid conditions, prior supervised programs, and mu…",Bariatric surgery is one of the most effective treatments for severe obesity and related…,Free AI-powered tool to help you write persuasive insurance appeal letters.,bariatric,surgery
Fight Health Insurance - Microsites,Appealing Substance Use Treatment Denials,https://fighthealthinsurance.com/microsite/substance-use-treatment-denial/,Appealing Substance Use Treat…,Appeal Your Substance Use Tre…,Start your substance use trea…,Appeal Substance Use Disorder…,Fight Insurance Denials,Free Appeal Help,AI-Powered Appeal Letters,Addiction is a chronic medica…,,,,,,,,"When your life or your loved one's life is at stake, coverage denials are not acceptable.","We help you explain the relapse risk, withdrawal history, co-occurring conditions, and sa…","Detox, rehab, medication-assisted treatment, and intensive outpatient programs for substa…",Free AI-powered tool to help you write persuasive insurance appeal letters.,substance,use
Fight Health Insurance - Microsites,Appealing Emergency Room Visit Denials,https://fighthealthinsurance.com/microsite/emergency-room-denial/,Appealing Emergency Room Visi…,Appeal Your ER Visit Denial,Start your ER visit appeal.,Appeal Emergency Department V…,Fight Insurance Denials,Free Appeal Help,AI-Powered Appeal Letters,If it felt like an emergency…,,,,,,,,Insurers often second-guess emergencies after the fact — appeals can force them to apply…,"We help you describe what you were experiencing before you went to the ER, connect those…",Some insurers deny emergency department claims by saying your condition was not an emerge…,Free AI-powered tool to help you write persuasive insurance appeal letters.,emergency,room
Fight Health Insurance - Microsites,Appealing Ambulance Transport Denials,https://fighthealthinsurance.com/microsite/ambulance-transport-denial/,Appealing Ambulance Transport…,Appeal Your Ambulance Bill De…,Start your ambulance transpor…,Appeal Ground or Air Ambulanc…,Fight Insurance Denials,Free Appeal Help,AI-Powered Appeal Letters,"If it was not safe to drive,…",,,,,,,,Ambulance denials often ignore the safety and urgency that existed at the time.,"We help you explain the symptoms, risks, and scene circumstances that made ambulance tran…","Ambulance rides are frequently denied as not medically necessary or out-of-network, leavi…",Free AI-powered tool to help you write persuasive insurance appeal letters.,ambulance,transport
Fight Health Insurance - Microsites,Appealing Ozempic (Semaglutide) Denials,https://fighthealthinsurance.com/microsite/glp1-denial-semaglutide-ozempic/,Appealing Ozempic (Semaglutid…,Appeal Your Ozempic Denial,Start your Ozempic appeal.,Appeal Ozempic (Semaglutide)…,Fight Insurance Denials,Free Appeal Help,AI-Powered Appeal Letters,Ozempic treats more than bloo…,,,,,,,,"If your clinician prescribed Ozempic, chances are there’s a strong medical reason.","We help you list prior medications, side effects, comorbidities, and complication risks s…","Ozempic (semaglutide) is often denied because insurers say your A1c is not high enough, y…",Free AI-powered tool to help you write persuasive insurance appeal letters.,glp1,denial
Fight Health Insurance - Microsites,Appealing Wegovy (Semaglutide) Denials,https://fighthealthinsurance.com/microsite/glp1-denial-semaglutide-wegovy/,Appealing Wegovy (Semaglutide…,Appeal Your Wegovy Denial,Start your Wegovy appeal.,Appeal Wegovy (Semaglutide fo…,Fight Insurance Denials,Free Appeal Help,AI-Powered Appeal Letters,"Wegovy is obesity treatment,…",,,,,,,,"When weight is damaging your health, Wegovy can be medically necessary care.","We help you present your BMI history, obesity-related conditions, prior supervised and un…","Wegovy is frequently denied because plans exclude weight-loss drugs, require very specifi…",Free AI-powered tool to help you write persuasive insurance appeal letters.,glp1,denial
Fight Health Insurance - Microsites,Appealing Mounjaro (Tirzepatide) Denials,https://fighthealthinsurance.com/microsite/glp1-denial-tirzepatide-mounjaro/,Appealing Mounjaro (Tirzepati…,Appeal Your Mounjaro Denial,Start your Mounjaro appeal.,Appeal Mounjaro (Tirzepatide…,Fight Insurance Denials,Free Appeal Help,AI-Powered Appeal Letters,Tirzepatide is a powerful too…,,,,,,,,"If prior regimens failed, denying Mounjaro can be unsafe and short-sighted.","We help you document your full diabetes regimen history, comorbidities, and any complicat…","Mounjaro is often denied because it is newer, more expensive, and requires strict criteri…",Free AI-powered tool to help you write persuasive insurance appeal letters.,glp1,denial
Fight Health Insurance - Microsites,Appealing Zepbound (Tirzepatide) Denials,https://fighthealthinsurance.com/microsite/glp1-denial-tirzepatide-zepbound/,Appealing Zepbound (Tirzepati…,Appeal Your Zepbound Denial,Start your Zepbound appeal.,Appeal Zepbound (Tirzepatide…,Fight Insurance Denials,Free Appeal Help,AI-Powered Appeal Letters,Zepbound is intensive obesity…,,,,,,,,"When obesity is damaging your health, denying Zepbound can be dangerous.","We help you compile your BMI history, documented co-morbidities, prior weight-loss progra…",Zepbound is commonly denied because anti-obesity medications are excluded or tightly rest…,Free AI-powered tool to help you write persuasive insurance appeal letters.,glp1,denial
Fight Health Insurance - Microsites,Appealing Dupixent (Dupilumab) Asthma Denials,https://fighthealthinsurance.com/microsite/asthma-biologic-denial-dupilumab/,Appealing Dupixent (Dupilumab…,Appeal Your Dupixent Asthma D…,Start your Dupixent asthma ap…,Appeal Dupixent for Severe As…,Fight Insurance Denials,Free Appeal Help,AI-Powered Appeal Letters,Dupixent can calm type 2 infl…,,,,,,,,"If you are still wheezing on high-dose inhalers, biologic therapy may be essential.","We help you and your clinician summarize ER visits, steroid bursts, spirometry, and bioma…","Dupixent is often denied for asthma due to borderline lab criteria, questions about sever…",Free AI-powered tool to help you write persuasive insurance appeal letters.,asthma,biologic
Fight Health Insurance - Microsites,Appealing Xolair (Omalizumab) Asthma Denials,https://fighthealthinsurance.com/microsite/asthma-biologic-denial-omalizumab/,Appealing Xolair (Omalizumab)…,Appeal Your Xolair Asthma Den…,Start your Xolair asthma appe…,Appeal Xolair for Allergic As…,Fight Insurance Denials,Free Appeal Help,AI-Powered Appeal Letters,"For allergic asthma, IgE-targ…",,,,,,,,"If allergy-driven asthma is out of control, denying Xolair can be dangerous.","We help you assemble allergy testing, exacerbation history, and inhaler use so your appea…","Xolair is often denied for not hitting a narrow IgE range, weight band, or step-therapy p…",Free AI-powered tool to help you write persuasive insurance appeal letters.,asthma,biologic
Fight Health Insurance - Microsites,Appealing Nucala (Mepolizumab) Asthma Denials,https://fighthealthinsurance.com/microsite/asthma-biologic-denial-mepolizumab/,Appealing Nucala (Mepolizumab…,Appeal Your Nucala Asthma Den…,Start your Nucala asthma appe…,Appeal Nucala for Eosinophili…,Fight Insurance Denials,Free Appeal Help,AI-Powered Appeal Letters,Eosinophilic asthma is high r…,,,,,,,,Eosinophilic asthma is high risk—denials often ignore that.,"We help your clinician pull together lab trends, imaging, lung function, and exacerbation…","Nucala is denied when eosinophil counts are questioned, documentation is incomplete, or i…",Free AI-powered tool to help you write persuasive insurance appeal letters.,asthma,biologic
Fight Health Insurance - Microsites,Appealing Dupixent (Dupilumab) Eczema Denials,https://fighthealthinsurance.com/microsite/eczema-biologic-denial-dupilumab/,Appealing Dupixent (Dupilumab…,Appeal Your Dupixent Eczema D…,Start your Dupixent eczema ap…,Appeal Dupixent for Atopic De…,Fight Insurance Denials,Free Appeal Help,AI-Powered Appeal Letters,Severe eczema is a systemic d…,,,,,,,,"When skin is cracked, infected, and sleepless, denying Dupixent is not reasonable.","We help you document body areas involved, infections, sleep loss, and emotional distress…","Dupixent is often denied for atopic dermatitis because severity is under-documented, prio…",Free AI-powered tool to help you write persuasive insurance appeal letters.,eczema,biologic
Fight Health Insurance - Microsites,Appealing Rinvoq (Upadacitinib) Eczema Denials,https://fighthealthinsurance.com/microsite/eczema-biologic-denial-upadacitinib/,Appealing Rinvoq (Upadacitini…,Appeal Your Rinvoq Eczema Den…,Start your Rinvoq eczema appe…,Appeal Rinvoq for Atopic Derm…,Fight Insurance Denials,Free Appeal Help,AI-Powered Appeal Letters,When topical and biologic opt…,,,,,,,,Rinvoq is often reserved for the hardest cases—exactly where appeals matter most.,"We help you and your dermatologist explain prior treatment failures, monitoring plans, an…",Rinvoq is a JAK inhibitor used for moderate-to-severe atopic dermatitis when other option…,Free AI-powered tool to help you write persuasive insurance appeal letters.,eczema,biologic
Fight Health Insurance - Microsites,Appealing Emgality (Galcanezumab) Denials,https://fighthealthinsurance.com/microsite/migraine-med-denial-emgality/,Appealing Emgality (Galcanezu…,Appeal Your Emgality Denial,Start your Emgality appeal.,Appeal Emgality for Migraine…,Fight Insurance Denials,Free Appeal Help,AI-Powered Appeal Letters,Chronic migraines are often u…,,,,,,,,"If chronic migraine is disabling you, denying Emgality is not acceptable.","We help you document headache days per month, disability, prior medication failures, and…",Emgality is often denied until patients have failed a long list of older preventives. App…,Free AI-powered tool to help you write persuasive insurance appeal letters.,migraine,med
Fight Health Insurance - Microsites,Appealing Aimovig (Erenumab) Denials,https://fighthealthinsurance.com/microsite/migraine-med-denial-aimovig/,Appealing Aimovig (Erenumab)…,Appeal Your Aimovig Denial,Start your Aimovig appeal.,Appeal Aimovig for Migraine P…,Fight Insurance Denials,Free Appeal Help,AI-Powered Appeal Letters,Step therapy shouldn't stop y…,,,,,,,,Aimovig may be appropriate when multiple older preventives have failed.,"We help you and your clinician summarize prior preventives, side effects, and migraine bu…",Aimovig is often denied due to strict step-therapy rules or incomplete documentation. A f…,Free AI-powered tool to help you write persuasive insurance appeal letters.,migraine,med
Fight Health Insurance - Microsites,Appealing Ajovy (Fremanezumab) Denials,https://fighthealthinsurance.com/microsite/migraine-med-denial-ajovy/,Appealing Ajovy (Fremanezumab…,Appeal Your Ajovy Denial,Start your Ajovy appeal.,Appeal Ajovy for Migraine Pre…,Fight Insurance Denials,Free Appeal Help,AI-Powered Appeal Letters,Monthly or quarterly dosing c…,,,,,,,,Ajovy is one of several CGRP antibodies—appeals can justify why it’s the right one for yo…,"We help your clinician explain why Ajovy’s dosing schedule, response in your case, or sid…",Ajovy may be denied when insurers want you to try a different CGRP antibody or insist tha…,Free AI-powered tool to help you write persuasive insurance appeal letters.,migraine,med
Fight Health Insurance - Microsites,Appealing Nurtec ODT (Rimegepant) Denials,https://fighthealthinsurance.com/microsite/migraine-med-denial-nurtec/,Appealing Nurtec ODT (Rimegep…,Appeal Your Nurtec Denial,Start your Nurtec appeal.,Appeal Nurtec ODT for Acute a…,Fight Insurance Denials,Free Appeal Help,AI-Powered Appeal Letters,Medication for both stopping…,,,,,,,,Nurtec is often denied on cost grounds or strict quantity limits.,"We help you explain migraine frequency, failed triptans, and any contraindications that m…","Nurtec ODT is a gepant used for acute migraine and, in some cases, prevention. Insurers o…",Free AI-powered tool to help you write persuasive insurance appeal letters.,migraine,med
Fight Health Insurance - Microsites,Appealing Ubrelvy (Ubrogepant) Denials,https://fighthealthinsurance.com/microsite/migraine-med-denial-ubrelvy/,Appealing Ubrelvy (Ubrogepant…,Appeal Your Ubrelvy Denial,Start your Ubrelvy appeal.,Appeal Ubrelvy for Acute Migr…,Fight Insurance Denials,Free Appeal Help,AI-Powered Appeal Letters,When triptans are not an opti…,,,,,,,,"Ubrelvy is often denied or heavily restricted, but appeals frequently succeed.","We help you document prior acute treatments, contraindications, and attack frequency to j…",Ubrelvy is a gepant used acutely to stop migraine attacks. Plans often restrict it to sma…,Free AI-powered tool to help you write persuasive insurance appeal letters.,migraine,med
Fight Health Insurance - Microsites,Appealing Dexcom CGM Denials,https://fighthealthinsurance.com/microsite/insulin-pump-cgm-denial-dexcom/,Appealing Dexcom CGM Denials,Appeal Your Dexcom CGM Denial,Start your Dexcom appeal.,Appeal Dexcom Continuous Gluc…,Fight Insurance Denials,Free Appeal Help,AI-Powered Appeal Letters,Real-time glucose data can pr…,,,,,,,,"When finger sticks are not enough, Dexcom can be medically necessary.","We help you compile logs of lows, highs, and variability, plus your insulin regimen, to d…",Dexcom CGMs are denied when plans claim that traditional glucose monitoring is sufficient…,Free AI-powered tool to help you write persuasive insurance appeal letters.,insulin,pump
Fight Health Insurance - Microsites,Appealing FreeStyle Libre Denials,https://fighthealthinsurance.com/microsite/insulin-pump-cgm-denial-freestyle-libre/,Appealing FreeStyle Libre Den…,Appeal Your FreeStyle Libre D…,Start your Libre appeal.,Appeal FreeStyle Libre Flash…,Fight Insurance Denials,Free Appeal Help,AI-Powered Appeal Letters,Scanning a sensor is not a lu…,,,,,,,,Libre gives continuous insight without constant finger sticks.,"We help you and your clinician show how Libre improves adherence, safety, and control com…",FreeStyle Libre is often denied as unnecessary when finger-stick testing is available. Ap…,Free AI-powered tool to help you write persuasive insurance appeal letters.,insulin,pump
Fight Health Insurance - Microsites,Appealing Omnipod Insulin Pump Denials,https://fighthealthinsurance.com/microsite/insulin-pump-denial-omnipod/,Appealing Omnipod Insulin Pum…,Appeal Your Omnipod Pump Deni…,Start your Omnipod appeal.,Appeal Omnipod Insulin Pump S…,Fight Insurance Denials,Free Appeal Help,AI-Powered Appeal Letters,Tubeless pump therapy can be…,,,,,,,,"If multiple daily injections are not working, Omnipod may be medically necessary.","We help you describe hypoglycemia risk, dawn phenomenon, injection site issues, and lifes…",Omnipod and other insulin pumps are denied when insurers believe injections are sufficien…,Free AI-powered tool to help you write persuasive insurance appeal letters.,insulin,pump
Fight Health Insurance - Microsites,Appealing HIV PEP (Post-Exposure Prophylaxis) Denials,https://fighthealthinsurance.com/microsite/pep-denial-hiv-exposure/,Appealing HIV PEP (Post-Expos…,Appeal Your HIV PEP Denial,Start your HIV PEP appeal.,Appeal HIV Post-Exposure Prop…,Fight Insurance Denials,Free Appeal Help,AI-Powered Appeal Letters,PEP is time-critical emergenc…,,,,,,,,"If you might have been exposed to HIV, getting PEP fast is the emergency — we help you fi…","We help you explain the exposure, timing, and clinical recommendations in plain language,…",PEP is a course of HIV medicines that should be started as soon as possible after a poten…,Free AI-powered tool to help you write persuasive insurance appeal letters.,pep,denial
Fight Health Insurance - Microsites,Appealing Doxy-PEP (Doxycycline Post-Exposure Prophylaxis) Denials,https://fighthealthinsurance.com/microsite/doxy-pep-denial/,Appealing Doxy-PEP (Doxycycli…,Appeal Your Doxy-PEP Denial,Start your doxy-PEP appeal.,Appeal Doxycycline Post-Expos…,Fight Insurance Denials,Free Appeal Help,AI-Powered Appeal Letters,Doxy-PEP is guideline-support…,,,,,,,,"For some MSM and trans women, taking doxycycline after sex is now part of standard STI pr…","We help your clinician document your risk factors and recent STI history, show that you f…",Doxycycline post-exposure prophylaxis (doxy-PEP) is a newer STI prevention strategy where…,Free AI-powered tool to help you write persuasive insurance appeal letters.,doxy,pep
Fight Health Insurance - Microsites,Appealing Flexitouch Plus & Advanced Pneumatic Compression Device Denials,https://fighthealthinsurance.com/microsite/flexitouch-plus-denial/,Appealing Flexitouch Plus & A…,Appeal Your Flexitouch Plus o…,Start your Flexitouch Plus or…,Appeal Flexitouch Plus or Sim…,Fight Insurance Denials,Free Appeal Help,AI-Powered Appeal Letters,For many people with lymphede…,,,,,,,,"When basic compression isn’t enough, advanced pneumatic compression can protect function,…","We help you lay out your full lymphedema history: how long you’ve had swelling, infection…",Devices like Flexitouch Plus are advanced pneumatic compression systems used at home to t…,Free AI-powered tool to help you write persuasive insurance appeal letters.,flexitouch,plus
Fight Health Insurance - Microsites,Appealing Formulary Changes Using Continuity of Care,https://fighthealthinsurance.com/microsite/continuity-of-care-formulary-change-denial/,Appealing Formulary Changes U…,Appeal Your Formulary Change…,Start your formulary change a…,Appeal Medication Continuity…,Fight Insurance Denials,Free Appeal Help,AI-Powered Appeal Letters,When your medication worked a…,,,,,,,,"If your medication is removed from formulary or moved to a higher tier, you can request a…","We help you document how long you've been taking the medication, your treatment history a…","Insurance plans frequently change their formularies (drug lists), sometimes removing medi…",Free AI-powered tool to help you write persuasive insurance appeal letters.,continuity,of
Fight Health Insurance - Microsites,Appealing Humira (Adalimumab) Formulary Removal,https://fighthealthinsurance.com/microsite/humira-formulary-removal-denial/,Appealing Humira (Adalimumab)…,Fight Your Humira Formulary R…,Start your Humira continuity…,Appeal Humira (Adalimumab) Co…,Fight Insurance Denials,Free Appeal Help,AI-Powered Appeal Letters,Stable on Humira? You have th…,,,,,,,,"Some major PBMs removed Humira, but you can appeal for continuity of care.","We help you document your treatment history with Humira, explain why biosimilar switching…","CVS Caremark, Express Scripts, and other major pharmacy benefit managers have removed Hum…",Free AI-powered tool to help you write persuasive insurance appeal letters.,humira,formulary
Fight Health Insurance - Microsites,Appealing Stelara (Ustekinumab) Formulary Removal,https://fighthealthinsurance.com/microsite/stelara-formulary-removal-denial/,Appealing Stelara (Ustekinuma…,Fight Your Stelara Formulary…,Start your Stelara continuity…,Appeal Stelara (Ustekinumab)…,Fight Insurance Denials,Free Appeal Help,AI-Powered Appeal Letters,Stable on Stelara? Fight for…,,,,,,,,"Some major PBMs are removing Stelara in 2025-2026, but you can appeal for continuity of c…","We help you document your treatment history with Stelara, explain why biosimilar switchin…","Health Alliance, Navitus, UnitedHealthcare, and other plans are removing Stelara from for…",Free AI-powered tool to help you write persuasive insurance appeal letters.,stelara,formulary
Fight Health Insurance - Microsites,Appealing Entyvio (Vedolizumab) Formulary Removal,https://fighthealthinsurance.com/microsite/entyvio-formulary-removal-denial/,Appealing Entyvio (Vedolizuma…,Fight Your Entyvio Formulary…,Start your Entyvio continuity…,Appeal Entyvio (Vedolizumab)…,Fight Insurance Denials,Free Appeal Help,AI-Powered Appeal Letters,Stable on Entyvio for IBD? Fi…,,,,,,,,Express Scripts is excluding Entyvio IV in 2026 — but you can appeal especially for conti…,"We help you document your IBD treatment history with Entyvio, explain why switching biolo…",Express Scripts is excluding Entyvio IV from the National Preferred Formulary effective 2…,Free AI-powered tool to help you write persuasive insurance appeal letters.,entyvio,formulary
Fight Health Insurance - Microsites,Appealing Skyrizi (Risankizumab) Formulary Removal,https://fighthealthinsurance.com/microsite/skyrizi-formulary-removal-denial/,Appealing Skyrizi (Risankizum…,Fight Your Skyrizi Formulary…,Start your Skyrizi continuity…,Appeal Skyrizi (Risankizumab)…,Fight Insurance Denials,Free Appeal Help,AI-Powered Appeal Letters,Stable on Skyrizi for psorias…,,,,,,,,Some plans are excluding Skyrizi in 2026 — but you can appeal for continuity of care.,"We help you document your treatment history with Skyrizi, explain why switching biologics…","Some PBMs are excluding Skyrizi from formularies in 2026. If you have psoriasis, psoriati…",Free AI-powered tool to help you write persuasive insurance appeal letters.,skyrizi,formulary
Fight Health Insurance - Microsites,Appealing Tremfya (Guselkumab) Formulary Removal,https://fighthealthinsurance.com/microsite/tremfya-formulary-removal-denial/,Appealing Tremfya (Guselkumab…,Fight Your Tremfya Formulary…,Start your Tremfya continuity…,Appeal Tremfya (Guselkumab) C…,Fight Insurance Denials,Free Appeal Help,AI-Powered Appeal Letters,Stable on Tremfya for psorias…,,,,,,,,Express Scripts is excluding Tremfya in 2026 — but you can appeal for continuity of care.,"We help you document your treatment history with Tremfya, explain why switching biologics…",Express Scripts is excluding Tremfya from the National Preferred Formulary in 2026. If yo…,Free AI-powered tool to help you write persuasive insurance appeal letters.,tremfya,formulary
Fight Health Insurance - Microsites,Appealing Skilled Nursing Facility Denials,https://fighthealthinsurance.com/microsite/skilled-nursing-denial/,Appealing Skilled Nursing Fac…,Appeal Your Skilled Nursing F…,Start your SNF appeal before…,Appeal Skilled Nursing Facili…,Fight Insurance Denials,Free Appeal Help,AI-Powered Appeal Letters,UHC Medicare Advantage SNF de…,,,,,,,,Post-hospital care is essential for recovery. Don't be discharged too early.,"We help you document why skilled nursing care remains medically necessary, including spec…","Skilled nursing facility denials have exploded, especially in Medicare Advantage plans. B…",Free AI-powered tool to help you write persuasive insurance appeal letters.,skilled,nursing
Fight Health Insurance - Microsites,Appealing Home Health Care Denials,https://fighthealthinsurance.com/microsite/home-health-denial/,Appealing Home Health Care De…,Appeal Your Home Health Care…,Start your home health appeal.,Appeal Home Health Care / Hom…,Fight Insurance Denials,Free Appeal Help,AI-Powered Appeal Letters,Medicare's 'homebound' requir…,,,,,,,,You shouldn't have to choose between leaving home and losing coverage.,"We help you document your homebound status (leaving home requires considerable effort, as…",Home health care denials often hinge on the 'homebound' requirement and whether you need…,Free AI-powered tool to help you write persuasive insurance appeal letters.,home,health
Fight Health Insurance - Microsites,Appealing Knee and Hip Replacement Denials,https://fighthealthinsurance.com/microsite/joint-replacement-denial/,Appealing Knee and Hip Replac…,Appeal Your Joint Replacement…,Start your joint replacement…,Appeal Total Knee or Hip Repl…,Fight Insurance Denials,Free Appeal Help,AI-Powered Appeal Letters,Joint replacement is one of t…,,,,,,,,"When conservative treatment fails, surgery is the answer.","We help you document your pain level, functional limitations, failed conservative treatme…","Knee and hip replacements are among the most successful surgeries performed, with high sa…",Free AI-powered tool to help you write persuasive insurance appeal letters.,joint,replacement
Fight Health Insurance - Microsites,Appealing Out-of-Network Emergency Room Denials,https://fighthealthinsurance.com/microsite/out-of-network-emergency-denial/,Appealing Out-of-Network Emer…,Appeal Your Out-of-Network ER…,Start your emergency care app…,Appeal Emergency Room Service…,Fight Insurance Denials,Free Appeal Help,AI-Powered Appeal Letters,Federal law protects you from…,,,,,,,,The No Surprises Act protects you. Make your insurer follow the law.,"We help you document the emergency nature of your visit, cite the No Surprises Act protec…","Since 2022, the No Surprises Act helps protect patients from surprise bills when they rec…",Free AI-powered tool to help you write persuasive insurance appeal letters.,out,of
Fight Health Insurance - Microsites,Understanding Medicare Work Requirements,https://fighthealthinsurance.com/microsite/medicare-work-requirements-denial/,Understanding Medicare Work R…,Understanding Medicare Work R…,Get help understanding Medica…,Appeal Medicare Work Requirem…,Fight Insurance Denials,Free Appeal Help,AI-Powered Appeal Letters,Navigating the new Medicare w…,,,,,,,,Get clarity on the new work requirements and how they affect your Medicare coverage.,"We help you understand the Medicare work requirements, what documentation you need to mai…",Medicare has introduced new work requirements that affect certain beneficiaries. Understa…,Free AI-powered tool to help you write persuasive insurance appeal letters.,medicare,work
Fight Health Insurance - Microsites,Appealing Colonoscopy Denials,https://fighthealthinsurance.com/microsite/colonoscopy-denial/,Appealing Colonoscopy Denials,Appeal Your Colonoscopy Denial,Start your colonoscopy appeal…,Appeal Colonoscopy Denial,Fight Insurance Denials,Free Appeal Help,AI-Powered Appeal Letters,Colonoscopy denials can delay…,,,,,,,,"Don't let ""not medically necessary"" prevent critical screening.","We help you document your risk factors, symptoms, and physician recommendations in a way…","Colonoscopies are frequently denied when insurers claim you're too young, it's too soon f…",Free AI-powered tool to help you write persuasive insurance appeal letters.,colonoscopy,denial
Fight Health Insurance - Microsites,Appealing Myqorzo (Aficamten) Denials,https://fighthealthinsurance.com/microsite/myqorzo-denial/,Appealing Myqorzo (Aficamten)…,Appeal Your Myqorzo Denial,Start your Myqorzo appeal — i…,Appeal Myqorzo (aficamten) De…,Fight Insurance Denials,Free Appeal Help,AI-Powered Appeal Letters,Help appealing denials for th…,,,,,,,,Don't let your insurer deny access to this first-in-class treatment for obstructive hyper…,"We help you document your oHCM diagnosis, symptom severity, prior treatments, and why Myq…",Myqorzo (aficamten) is a cardiac myosin inhibitor FDA-approved for adults with symptomati…,Free AI-powered tool to help you write persuasive insurance appeal letters.,myqorzo,denial
Fight Health Insurance - Microsites,Appealing Exdensur (Depemokimab) Denials,https://fighthealthinsurance.com/microsite/exdensur-denial/,Appealing Exdensur (Depemokim…,Appeal Your Exdensur Denial,Start your Exdensur appeal —…,Appeal Exdensur (depemokimab)…,Fight Insurance Denials,Free Appeal Help,AI-Powered Appeal Letters,Help appealing denials for th…,,,,,,,,Get access to this ultra-long-acting IL-5 biologic for severe asthma.,"We help you compile your eosinophil counts, asthma control scores, exacerbation history,…",Exdensur (depemokimab) is the first and only ultra-long-acting biologic with twice-yearly…,Free AI-powered tool to help you write persuasive insurance appeal letters.,exdensur,denial
Fight Health Insurance - Microsites,Appealing Cardamyst (Etripamil) Denials,https://fighthealthinsurance.com/microsite/cardamyst-denial/,Appealing Cardamyst (Etripami…,Appeal Your Cardamyst Denial,Start your Cardamyst appeal —…,Appeal Cardamyst (etripamil)…,Fight Insurance Denials,Free Appeal Help,AI-Powered Appeal Letters,Help appealing denials for th…,,,,,,,,Get access to the first at-home treatment for acute PSVT episodes.,"We help you document your PSVT diagnosis, frequency of episodes, impact on quality of lif…",Cardamyst (etripamil) is the first and only self-administered nasal spray approved for co…,Free AI-powered tool to help you write persuasive insurance appeal letters.,cardamyst,denial
Fight Health Insurance - Microsites,Appealing Lerochol (Lerodalcibep) Denials,https://fighthealthinsurance.com/microsite/lerochol-denial/,Appealing Lerochol (Lerodalci…,Appeal Your Lerochol Denial,Start your Lerochol appeal —…,Appeal Lerochol (lerodalcibep…,Fight Insurance Denials,Free Appeal Help,AI-Powered Appeal Letters,Help appealing denials for th…,,,,,,,,Get access to this once-monthly injectable for lowering LDL cholesterol.,"We help you document your LDL levels, statin history (including intolerance if applicable…",Lerochol (lerodalcibep) is a PCSK9 inhibitor approved as an adjunct to diet and exercise…,Free AI-powered tool to help you write persuasive insurance appeal letters.,lerochol,denial
Fight Health Insurance - Microsites,Appealing Voyxact (Sibeprenlimab) Denials,https://fighthealthinsurance.com/microsite/voyxact-denial/,Appealing Voyxact (Sibeprenli…,Appeal Your Voyxact Denial,Start your Voyxact appeal — i…,Appeal Voyxact (sibeprenlimab…,Fight Insurance Denials,Free Appeal Help,AI-Powered Appeal Letters,Help appealing denials for th…,,,,,,,,Get access to this breakthrough APRIL-blocking treatment for IgA nephropathy.,"We help you document your biopsy results, proteinuria levels, eGFR, prior treatments, and…",Voyxact (sibeprenlimab) is the first biologic drug approved for reducing proteinuria in a…,Free AI-powered tool to help you write persuasive insurance appeal letters.,voyxact,denial
Fight Health Insurance - Microsites,Appealing Hyrnuo (Sevabertinib) Denials,https://fighthealthinsurance.com/microsite/hyrnuo-denial/,Appealing Hyrnuo (Sevabertini…,Appeal Your Hyrnuo Denial,Start your Hyrnuo appeal — it…,Appeal Hyrnuo (sevabertinib)…,Fight Insurance Denials,Free Appeal Help,AI-Powered Appeal Letters,Help appealing denials for th…,,,,,,,,Get access to this targeted therapy for HER2-mutant lung cancer.,"We help you compile your HER2 mutation testing results, prior treatment history, and onco…",Hyrnuo (sevabertinib) is a HER2-targeted tyrosine kinase inhibitor approved for adults wi…,Free AI-powered tool to help you write persuasive insurance appeal letters.,hyrnuo,denial
Fight Health Insurance - Microsites,Appealing Redemplo (Plozasiran) Denials,https://fighthealthinsurance.com/microsite/redemplo-denial/,Appealing Redemplo (Plozasira…,Appeal Your Redemplo Denial,Start your Redemplo appeal —…,Appeal Redemplo (plozasiran)…,Fight Insurance Denials,Free Appeal Help,AI-Powered Appeal Letters,Help appealing denials for th…,,,,,,,,Get access to this breakthrough treatment for familial chylomicronemia syndrome.,"We help you document your FCS diagnosis, genetic testing results, triglyceride levels, hi…",Redemplo (plozasiran) is an siRNA therapy approved as an adjunct to diet for reducing tri…,Free AI-powered tool to help you write persuasive insurance appeal letters.,redemplo,denial
Fight Health Insurance - Microsites,Appealing Komzifti (Ziftomenib) Denials,https://fighthealthinsurance.com/microsite/komzifti-denial/,Appealing Komzifti (Ziftomeni…,Appeal Your Komzifti Denial,Start your Komzifti appeal —…,Appeal Komzifti (ziftomenib)…,Fight Insurance Denials,Free Appeal Help,AI-Powered Appeal Letters,Help appealing denials for th…,,,,,,,,Get access to this targeted therapy for NPM1-mutated acute myeloid leukemia.,"We help you compile your NPM1 mutation testing results, prior treatment history, and onco…",Komzifti (ziftomenib) is the first and only menin inhibitor approved for adults with rela…,Free AI-powered tool to help you write persuasive insurance appeal letters.,komzifti,denial
Fight Health Insurance - Microsites,Appealing Lynkuet (Elinzanetant) Denials,https://fighthealthinsurance.com/microsite/lynkuet-denial/,Appealing Lynkuet (Elinzaneta…,Appeal Your Lynkuet Denial,Start your Lynkuet appeal — i…,Appeal Lynkuet (elinzanetant)…,Fight Insurance Denials,Free Appeal Help,AI-Powered Appeal Letters,Help appealing denials for th…,,,,,,,,Get access to this first dual-target non-hormonal treatment for menopause hot flashes.,"We help you document your hot flash severity, reasons for avoiding hormone therapy (breas…",Lynkuet (elinzanetant) is the first and only dual neurokinin receptor antagonist approved…,Free AI-powered tool to help you write persuasive insurance appeal letters.,lynkuet,denial
Fight Health Insurance - Microsites,Appealing Jascayd (Nerandomilast) Denials,https://fighthealthinsurance.com/microsite/jascayd-denial/,Appealing Jascayd (Nerandomil…,Appeal Your Jascayd Denial,Start your Jascayd appeal — i…,Appeal Jascayd (nerandomilast…,Fight Insurance Denials,Free Appeal Help,AI-Powered Appeal Letters,Help appealing denials for th…,,,,,,,,Get access to this new treatment option for idiopathic pulmonary fibrosis.,"We help you document your IPF diagnosis (including high-resolution CT findings), pulmonar…",Jascayd (nerandomilast) is a PDE4 inhibitor approved for the treatment of idiopathic pulm…,Free AI-powered tool to help you write persuasive insurance appeal letters.,jascayd,denial
Fight Health Insurance - Microsites,Appealing Rhapsido (Remibrutinib) Denials,https://fighthealthinsurance.com/microsite/rhapsido-denial/,Appealing Rhapsido (Remibruti…,Appeal Your Rhapsido Denial,Start your Rhapsido appeal —…,Appeal Rhapsido (remibrutinib…,Fight Insurance Denials,Free Appeal Help,AI-Powered Appeal Letters,Help appealing denials for th…,,,,,,,,Get access to this first oral BTK inhibitor for chronic spontaneous urticaria.,"We help you document your history of antihistamine use, hive severity and frequency, impa…",Rhapsido (remibrutinib) is the first and only BTK inhibitor approved for chronic spontane…,Free AI-powered tool to help you write persuasive insurance appeal letters.,rhapsido,denial
Fight Health Insurance - Microsites,Appealing Palsonify (Paltusotine) Denials,https://fighthealthinsurance.com/microsite/palsonify-denial/,Appealing Palsonify (Paltusot…,Appeal Your Palsonify Denial,Start your Palsonify appeal —…,Appeal Palsonify (paltusotine…,Fight Insurance Denials,Free Appeal Help,AI-Powered Appeal Letters,Help appealing denials for th…,,,,,,,,Get access to the first once-daily oral treatment for acromegaly.,"We help you document your acromegaly diagnosis, surgical history, IGF-1 levels, prior tre…",Palsonify (paltusotine) is the first and only once-daily oral medication approved for acr…,Free AI-powered tool to help you write persuasive insurance appeal letters.,palsonify,denial
Fight Health Insurance - Microsites,Appealing Journavx (Suzetrigine) Denials,https://fighthealthinsurance.com/microsite/journavx-denial/,Appealing Journavx (Suzetrigi…,Appeal Your Journavx Denial,Start your Journavx appeal —…,Appeal Journavx (suzetrigine)…,Fight Insurance Denials,Free Appeal Help,AI-Powered Appeal Letters,Help appealing denials for th…,,,,,,,,Get access to this breakthrough non-opioid treatment for acute pain.,"We help you document your pain condition, prior treatments tried, reasons for avoiding op…",Journavx (suzetrigine) is the first non-opioid medication targeting the NaV1.8 sodium cha…,Free AI-powered tool to help you write persuasive insurance appeal letters.,journavx,denial
Fight Health Insurance - Microsites,Appealing Wayrilz (Rilzabrutinib) Denials,https://fighthealthinsurance.com/microsite/wayrilz-denial/,Appealing Wayrilz (Rilzabruti…,Appeal Your Wayrilz Denial,Start your Wayrilz appeal — i…,Appeal Wayrilz (rilzabrutinib…,Fight Insurance Denials,Free Appeal Help,AI-Powered Appeal Letters,Help appealing denials for th…,,,,,,,,Get access to this first oral BTK inhibitor for immune thrombocytopenia.,"We help you document your platelet count history, prior ITP treatments and their results,…",Wayrilz (rilzabrutinib) is the first BTK inhibitor approved for adults with persistent or…,Free AI-powered tool to help you write persuasive insurance appeal letters.,wayrilz,denial
Fight Health Insurance - Microsites,Appealing Dawnzera (Donidalorsen) Denials,https://fighthealthinsurance.com/microsite/dawnzera-denial/,Appealing Dawnzera (Donidalor…,Appeal Your Dawnzera Denial,Start your Dawnzera appeal —…,Appeal Dawnzera (donidalorsen…,Fight Insurance Denials,Free Appeal Help,AI-Powered Appeal Letters,Help appealing denials for th…,,,,,,,,Get access to this breakthrough RNA therapy for preventing hereditary angioedema attacks.,"We help you document your HAE diagnosis, attack frequency and severity, prior prophylacti…",Dawnzera (donidalorsen) is the first RNA-targeted therapy approved for preventing heredit…,Free AI-powered tool to help you write persuasive insurance appeal letters.,dawnzera,denial
Fight Health Insurance - Microsites,Appealing Brinsupri (Brensocatib) Denials,https://fighthealthinsurance.com/microsite/brinsupri-denial/,Appealing Brinsupri (Brensoca…,Appeal Your Brinsupri Denial,Start your Brinsupri appeal —…,Appeal Brinsupri (brensocatib…,Fight Insurance Denials,Free Appeal Help,AI-Powered Appeal Letters,Help appealing denials for th…,,,,,,,,Get access to the first and only treatment specifically approved for bronchiectasis.,"We help you document your bronchiectasis diagnosis, CT scan findings, exacerbation histor…",Brinsupri (brensocatib) is the first and only medication specifically approved for non-cy…,Free AI-powered tool to help you write persuasive insurance appeal letters.,brinsupri,denial
Fight Health Insurance - Microsites,Appealing Ekterly (Sebetralstat) Denials,https://fighthealthinsurance.com/microsite/ekterly-denial/,Appealing Ekterly (Sebetralst…,Appeal Your Ekterly Denial,Start your Ekterly appeal — i…,Appeal Ekterly (sebetralstat)…,Fight Insurance Denials,Free Appeal Help,AI-Powered Appeal Letters,Help appealing denials for th…,,,,,,,,Get access to the first and only oral on-demand therapy for acute HAE attacks.,"We help you document your HAE diagnosis, attack patterns, experience with injectable trea…",Ekterly (sebetralstat) is the first and only oral on-demand treatment for acute hereditar…,Free AI-powered tool to help you write persuasive insurance appeal letters.,ekterly,denial
Fight Health Insurance - Microsites,Appealing Qfitlia (Fitusiran) Denials,https://fighthealthinsurance.com/microsite/qfitlia-denial/,Appealing Qfitlia (Fitusiran)…,Appeal Your Qfitlia Denial,Start your Qfitlia appeal — i…,Appeal Qfitlia (fitusiran) De…,Fight Insurance Denials,Free Appeal Help,AI-Powered Appeal Letters,Help appealing denials for th…,,,,,,,,Get access to this first antithrombin-lowering therapy for hemophilia.,"We help you document your hemophilia diagnosis, bleeding history, current treatment regim…",Qfitlia (fitusiran) is the first therapy that lowers antithrombin to prevent bleeding in…,Free AI-powered tool to help you write persuasive insurance appeal letters.,qfitlia,denial
Fight Health Insurance - Microsites,Appealing Blujepa (Gepotidacin) Denials,https://fighthealthinsurance.com/microsite/blujepa-denial/,Appealing Blujepa (Gepotidaci…,Appeal Your Blujepa Denial,Start your Blujepa appeal — i…,Appeal Blujepa (gepotidacin)…,Fight Insurance Denials,Free Appeal Help,AI-Powered Appeal Letters,Help appealing denials for th…,,,,,,,,Get access to this new oral antibiotic for uncomplicated UTIs.,"We help you document your UTI history, antibiotic allergies or intolerances, culture resu…",Blujepa (gepotidacin) is the first new class of oral antibiotic approved for uncomplicate…,Free AI-powered tool to help you write persuasive insurance appeal letters.,blujepa,denial
Fight Health Insurance - Microsites,Appealing Datroway (Datopotamab Deruxtecan) Denials,https://fighthealthinsurance.com/microsite/datroway-denial/,Appealing Datroway (Datopotam…,Appeal Your Datroway Denial,Start your Datroway appeal —…,Appeal Datroway (datopotamab…,Fight Insurance Denials,Free Appeal Help,AI-Powered Appeal Letters,Help appealing denials for th…,,,,,,,,"Get access to this targeted therapy for HR-positive, HER2-negative breast cancer.","We help you compile your tumor receptor status, prior treatment history, and oncologist r…",Datroway (datopotamab deruxtecan) is a TROP2-directed antibody-drug conjugate approved fo…,Free AI-powered tool to help you write persuasive insurance appeal letters.,datroway,denial
Fight Health Insurance - Microsites,Appealing Keytruda Qlex (Subcutaneous Pembrolizumab) Denials,https://fighthealthinsurance.com/microsite/keytruda-qlex-denial/,Appealing Keytruda Qlex (Subc…,Appeal Your Keytruda Qlex Den…,Start your Keytruda Qlex appe…,Appeal Keytruda Qlex (pembrol…,Fight Insurance Denials,Free Appeal Help,AI-Powered Appeal Letters,Help appealing denials for th…,,,,,,,,Get access to this convenient subcutaneous formulation of Keytruda.,"We help you document why subcutaneous administration is beneficial for you, including red…","Keytruda Qlex is the first subcutaneous formulation of pembrolizumab, the leading checkpo…",Free AI-powered tool to help you write persuasive insurance appeal letters.,keytruda,qlex
Fight Health Insurance - Microsites,Appealing Inluriyo (Imlunestrant) Denials,https://fighthealthinsurance.com/microsite/inluriyo-denial/,Appealing Inluriyo (Imlunestr…,Appeal Your Inluriyo Denial,Start your Inluriyo appeal —…,Appeal Inluriyo (imlunestrant…,Fight Insurance Denials,Free Appeal Help,AI-Powered Appeal Letters,Help appealing denials for th…,,,,,,,,Get access to this targeted oral therapy for ESR1-mutated advanced breast cancer.,"We help you compile your ESR1 mutation testing results, prior endocrine therapy history,…",Inluriyo (imlunestrant) is an oral selective estrogen receptor degrader (SERD) approved f…,Free AI-powered tool to help you write persuasive insurance appeal letters.,inluriyo,denial
Fight Health Insurance - Microsites,Appealing Forzinity (Elamipretide) Denials,https://fighthealthinsurance.com/microsite/forzinity-denial/,Appealing Forzinity (Elamipre…,Appeal Your Forzinity Denial,Start your Forzinity appeal —…,Appeal Forzinity (elamipretid…,Fight Insurance Denials,Free Appeal Help,AI-Powered Appeal Letters,Help appealing denials for th…,,,,,,,,Get access to this breakthrough treatment for Barth syndrome cardiomyopathy.,"We help you document your Barth syndrome diagnosis, genetic testing results, cardiac func…",Forzinity (elamipretide) is a mitochondrial-targeted peptide approved for improving muscl…,Free AI-powered tool to help you write persuasive insurance appeal letters.,forzinity,denial
Fight Health Insurance - Microsites,Appealing Nuzolvence (Zoliflodacin) Denials,https://fighthealthinsurance.com/microsite/nuzolvence-denial/,Appealing Nuzolvence (Zoliflo…,Appeal Your Nuzolvence Denial,Start your Nuzolvence appeal…,Appeal Nuzolvence (zoliflodac…,Fight Insurance Denials,Free Appeal Help,AI-Powered Appeal Letters,Help appealing denials for th…,,,,,,,,Get access to this new oral treatment for uncomplicated gonorrhea.,"We help you document your gonorrhea diagnosis, any antibiotic allergies, prior treatment…",Nuzolvence (zoliflodacin) is the first spiropyrimidinetrione antibiotic approved for unco…,Free AI-powered tool to help you write persuasive insurance appeal letters.,nuzolvence,denial
Fight Health Insurance - Microsites,Appealing Imaavy (Nipocalimab) Denials,https://fighthealthinsurance.com/microsite/imaavy-denial/,Appealing Imaavy (Nipocalimab…,Appeal Your Imaavy Denial,Start your Imaavy appeal — it…,Appeal Imaavy (nipocalimab) D…,Fight Insurance Denials,Free Appeal Help,AI-Powered Appeal Letters,Help appealing denials for th…,,,,,,,,Get access to this IgG-lowering therapy for generalized myasthenia gravis.,"We help you document your AChR antibody status, MGFA classification, prior treatment hist…",Imaavy (nipocalimab) is an FcRn-blocking antibody approved for adults with generalized my…,Free AI-powered tool to help you write persuasive insurance appeal letters.,imaavy,denial
Fight Health Insurance - Microsites,Appealing Vanrafia (Atrasentan) Denials,https://fighthealthinsurance.com/microsite/vanrafia-denial/,Appealing Vanrafia (Atrasenta…,Appeal Your Vanrafia Denial,Start your Vanrafia appeal —…,Appeal Vanrafia (atrasentan)…,Fight Insurance Denials,Free Appeal Help,AI-Powered Appeal Letters,Help appealing denials for th…,,,,,,,,Get access to this treatment for reducing proteinuria in IgA nephropathy.,"We help you document your kidney biopsy results, proteinuria levels, eGFR, current ACE in…",Vanrafia (atrasentan) is an endothelin receptor antagonist approved for reducing proteinu…,Free AI-powered tool to help you write persuasive insurance appeal letters.,vanrafia,denial
Fight Health Insurance - Microsites,Appealing Enflonsia (Clesrovimab) Denials,https://fighthealthinsurance.com/microsite/enflonsia-denial/,Appealing Enflonsia (Clesrovi…,Appeal Your Enflonsia Denial,Start your Enflonsia appeal —…,Appeal Enflonsia (clesrovimab…,Fight Insurance Denials,Free Appeal Help,AI-Powered Appeal Letters,Help appealing denials for th…,,,,,,,,Get access to this RSV prevention treatment for your infant.,"We help you document your infant's RSV risk factors, age eligibility, and why RSV prevent…",Enflonsia (clesrovimab) is a long-acting monoclonal antibody for preventing RSV lower res…,Free AI-powered tool to help you write persuasive insurance appeal letters.,enflonsia,denial
Fight Health Insurance - Microsites,Appealing Abbott Volt PFA System Denials,https://fighthealthinsurance.com/microsite/abbott-volt-pfa-denial/,Appealing Abbott Volt PFA Sys…,Appeal Your Abbott Volt PFA D…,Start your Abbott Volt PFA ap…,Appeal Abbott Volt PFA System…,Fight Insurance Denials,Free Appeal Help,AI-Powered Appeal Letters,Help appealing denials for th…,,,,,,,,Get access to this next-generation ablation technology for atrial fibrillation.,"We help you document your atrial fibrillation diagnosis, symptoms, failed medical managem…",The Abbott Volt PFA System uses pulsed field ablation (PFA) technology for catheter-based…,Free AI-powered tool to help you write persuasive insurance appeal letters.,abbott,volt
Fight Health Insurance - Microsites,Appealing Edwards SAPIEN M3 (Mitral Valve) Denials,https://fighthealthinsurance.com/microsite/edwards-sapien-m3-denial/,Appealing Edwards SAPIEN M3 (…,Appeal Your Edwards SAPIEN M3…,Start your Edwards SAPIEN M3…,Appeal Edwards SAPIEN M3 TMVR…,Fight Insurance Denials,Free Appeal Help,AI-Powered Appeal Letters,Help appealing denials for th…,,,,,,,,Get access to this first transfemoral mitral valve replacement.,"We help you document your mitral regurgitation severity, symptoms, heart team evaluation,…",The Edwards SAPIEN M3 is the first transcatheter mitral valve replacement (TMVR) system a…,Free AI-powered tool to help you write persuasive insurance appeal letters.,edwards,sapien
Fight Health Insurance - Microsites,Appealing SetPoint Vagus Nerve Stimulation Denials,https://fighthealthinsurance.com/microsite/setpoint-vns-denial/,Appealing SetPoint Vagus Nerv…,Appeal Your SetPoint VNS Deni…,Start your SetPoint VNS appea…,Appeal SetPoint System (vagus…,Fight Insurance Denials,Free Appeal Help,AI-Powered Appeal Letters,Help appealing denials for th…,,,,,,,,Get access to this first-in-class bioelectronic medicine for rheumatoid arthritis.,"We help you document your RA history, all prior DMARDs and biologics tried, disease activ…",The SetPoint System is the first implantable vagus nerve stimulation device approved for…,Free AI-powered tool to help you write persuasive insurance appeal letters.,setpoint,vns
Fight Health Insurance - Microsites,Appealing Flow tDCS Device Denials,https://fighthealthinsurance.com/microsite/flow-tdcs-depression-denial/,Appealing Flow tDCS Device De…,Appeal Your Flow tDCS Device…,Start your Flow tDCS appeal —…,Appeal Flow Neuroscience FL-1…,Fight Insurance Denials,Free Appeal Help,AI-Powered Appeal Letters,Help appealing denials for th…,,,,,,,,Get access to this first FDA-approved at-home brain stimulation for depression.,"We help you document your depression history, prior antidepressant trials, reasons for se…",The Flow Neuroscience FL-100 is the first FDA-approved at-home transcranial direct curren…,Free AI-powered tool to help you write persuasive insurance appeal letters.,flow,tdcs
Fight Health Insurance - Microsites,Appealing Teal Wand HPV Self-Collection Denials,https://fighthealthinsurance.com/microsite/teal-wand-hpv-denial/,Appealing Teal Wand HPV Self-…,Appeal Your Teal Wand Denial,Start your Teal Wand appeal —…,Appeal Teal Wand (at-home HPV…,Fight Insurance Denials,Free Appeal Help,AI-Powered Appeal Letters,Help appealing denials for th…,,,,,,,,Get access to this first at-home HPV self-collection test for cervical screening.,"We help you document why at-home screening is necessary for you, including access barrier…",The Teal Wand is the first FDA-approved at-home self-collection device for HPV testing as…,Free AI-powered tool to help you write persuasive insurance appeal letters.,teal,wand
Fight Health Insurance - Microsites,Appealing Physical Therapy Denials,https://fighthealthinsurance.com/microsite/physical-therapy-denial/,Appealing Physical Therapy De…,Appeal Your Physical Therapy…,Start your physical therapy a…,Appeal Physical Therapy Denial,Fight Insurance Denials,Free Appeal Help,AI-Powered Appeal Letters,Help appealing denials for ph…,,,,,,,,Don't let your insurer limit your access to medically necessary rehabilitation.,"We help you document your functional limitations, treatment goals, objective progress mea…","Physical therapy is essential for recovering from injuries, surgeries, and chronic condit…",Free AI-powered tool to help you write persuasive insurance appeal letters.,physical,therapy
Fight Health Insurance - Microsites,Appealing Bilateral Orchiectomy Denials,https://fighthealthinsurance.com/microsite/bilateral-orchiectomy-denial/,Appealing Bilateral Orchiecto…,Appeal Your Orchiectomy Denial,Start your orchiectomy appeal…,Appeal Bilateral Orchiectomy…,Fight Insurance Denials,Free Appeal Help,AI-Powered Appeal Letters,Help appealing denials for me…,,,,,,,,Don't let your insurer deny this medically necessary procedure for gender dysphoria treat…,"We help you document your gender dysphoria diagnosis, treatment history, mental health ev…",Bilateral orchiectomy is a recognized treatment for gender dysphoria and may also be perf…,Free AI-powered tool to help you write persuasive insurance appeal letters.,bilateral,orchiectomy
Fight Health Insurance - Microsites,Appealing clonoSEQ MRD Testing Denials,https://fighthealthinsurance.com/microsite/clonoseq-mrd-testing-denial/,Appealing clonoSEQ MRD Testin…,Appeal Your clonoSEQ MRD Test…,Start your clonoSEQ appeal —…,Appeal clonoSEQ MRD Testing D…,Fight Insurance Denials,Free Appeal Help,AI-Powered Appeal Letters,Help appealing denials for mi…,,,,,,,,Don't let your insurer deny access to this important cancer monitoring test.,"We help you document your cancer diagnosis, treatment history, and how MRD testing will g…",clonoSEQ is an FDA-cleared test that detects minimal residual disease (MRD) in blood canc…,Free AI-powered tool to help you write persuasive insurance appeal letters.,clonoseq,mrd
Fight Health Insurance - Microsites,Appealing Botox (OnabotulinumtoxinA) Denials,https://fighthealthinsurance.com/microsite/botox-denial/,Appealing Botox (Onabotulinum…,Appeal Your Botox Denial,Start your Botox appeal — it…,Appeal Botox (onabotulinumtox…,Fight Insurance Denials,Free Appeal Help,AI-Powered Appeal Letters,Help appealing denials for me…,,,,,,,,Don't let your insurer deny medically necessary Botox treatment.,"We help you document your medical diagnosis, failed prior treatments, and how Botox is be…",Botox (onabotulinumtoxinA) is FDA-approved for many medical conditions including chronic…,Free AI-powered tool to help you write persuasive insurance appeal letters.,botox,denial
Fight Health Insurance - Microsites,Appealing Breast Reduction Denials,https://fighthealthinsurance.com/microsite/breast-reduction-denial/,Appealing Breast Reduction De…,Appeal Your Breast Reduction…,Start your breast reduction a…,Appeal Breast Reduction (Redu…,Fight Insurance Denials,Free Appeal Help,AI-Powered Appeal Letters,Help appealing denials for me…,,,,,,,,Don't let your insurer dismiss your chronic pain as cosmetic.,"We help you document your physical symptoms, functional limitations, failed conservative…",Breast reduction surgery is medically necessary for many patients suffering from chronic…,Free AI-powered tool to help you write persuasive insurance appeal letters.,breast,reduction
Fight Health Insurance - Microsites,Appealing Cardiovascular Risk Panel Denials,https://fighthealthinsurance.com/microsite/cardiovascular-risk-panel-denial/,Appealing Cardiovascular Risk…,Appeal Your Cardiovascular Pa…,Start your cardiovascular pan…,Appeal Advanced Cardiovascula…,Fight Insurance Denials,Free Appeal Help,AI-Powered Appeal Letters,Help appealing denials for ad…,,,,,,,,Don't let your insurer deny tests that could predict heart disease.,"We help you document your cardiovascular risk factors, family history, and why advanced t…","Advanced cardiovascular risk panels include tests like apolipoprotein measurements, Lp(a)…",Free AI-powered tool to help you write persuasive insurance appeal letters.,cardiovascular,risk
Fight Health Insurance - Microsites,Appealing Breast Augmentation Denials for Transgender Patients,https://fighthealthinsurance.com/microsite/breast-augmentation-trans-denial/,Appealing Breast Augmentation…,Appeal Your Breast Augmentati…,Start your breast augmentatio…,Appeal Breast Augmentation De…,Fight Insurance Denials,Free Appeal Help,AI-Powered Appeal Letters,Help appealing denials for ge…,,,,,,,,Don't let your insurer deny this medically necessary gender-affirming procedure.,"We help you document your gender dysphoria diagnosis, hormone therapy history, inadequate…",Breast augmentation for transgender women is a recognized treatment for gender dysphoria…,Free AI-powered tool to help you write persuasive insurance appeal letters.,breast,augmentation
Fight Health Insurance - Microsites,Appealing Breast Reconstruction Denials After Cancer,https://fighthealthinsurance.com/microsite/breast-reconstruction-cancer-denial/,Appealing Breast Reconstructi…,Appeal Your Breast Reconstruc…,Start your breast reconstruct…,Appeal Breast Reconstruction…,Fight Insurance Denials,Free Appeal Help,AI-Powered Appeal Letters,Help appealing denials for br…,,,,,,,,Federal law protects your right to breast reconstruction after cancer surgery.,We help you cite the Women's Health and Cancer Rights Act and document that your reconstr…,Breast reconstruction after mastectomy is protected by the Women's Health and Cancer Righ…,Free AI-powered tool to help you write persuasive insurance appeal letters.,breast,reconstruction
Fight Health Insurance - Microsites,Appealing Xphozah (Tenapanor) Denials,https://fighthealthinsurance.com/microsite/xphozah-denial/,Appealing Xphozah (Tenapanor)…,Appeal Your Xphozah Denial,Start your Xphozah appeal — i…,Appeal Xphozah (tenapanor) De…,Fight Insurance Denials,Free Appeal Help,AI-Powered Appeal Letters,Help appealing denials for th…,,,,,,,,Don't let your insurer deny access to this treatment for high phosphorus levels.,"We help you document your phosphorus levels, why traditional phosphate binders have faile…",Xphozah (tenapanor) is an FDA-approved medication for controlling serum phosphorus in adu…,Free AI-powered tool to help you write persuasive insurance appeal letters.,xphozah,denial
Fight Health Insurance - Microsites,Appealing Vasectomy Denials,https://fighthealthinsurance.com/microsite/vasectomy-denial/,Appealing Vasectomy Denials,Appeal Your Vasectomy Denial,Start your vasectomy appeal —…,Appeal Vasectomy Denial,Fight Insurance Denials,Free Appeal Help,AI-Powered Appeal Letters,Help appealing denials for pe…,,,,,,,,"Don't let your insurer deny this safe, effective contraception.",We help you document why vasectomy is a covered benefit under your plan and cite state la…,"Vasectomy is a safe, effective, and cost-effective form of permanent male contraception.…",Free AI-powered tool to help you write persuasive insurance appeal letters.,vasectomy,denial
Fight Health Insurance - Microsites,Appealing Laparoscopic Sleeve Gastrectomy Denials,https://fighthealthinsurance.com/microsite/sleeve-gastrectomy-denial/,Appealing Laparoscopic Sleeve…,Appeal Your Sleeve Gastrectom…,Start your sleeve gastrectomy…,Appeal Laparoscopic Sleeve Ga…,Fight Insurance Denials,Free Appeal Help,AI-Powered Appeal Letters,Help appealing denials for ba…,,,,,,,,Don't let your insurer deny access to life-changing weight loss surgery.,"We help you document your BMI history, obesity-related comorbidities, failed weight loss…","Laparoscopic sleeve gastrectomy is a proven, effective bariatric surgery that removes app…",Free AI-powered tool to help you write persuasive insurance appeal letters.,sleeve,gastrectomy
Fight Health Insurance - Microsites,Appealing Toenail Surgery Denials,https://fighthealthinsurance.com/microsite/toenail-surgery-denial/,Appealing Toenail Surgery Den…,Appeal Your Toenail Surgery D…,Start your toenail surgery ap…,Appeal Toenail Surgery (Matri…,Fight Insurance Denials,Free Appeal Help,AI-Powered Appeal Letters,Help appealing denials for me…,,,,,,,,Don't let your insurer dismiss your painful nail condition as cosmetic.,"We help you document your nail condition, pain levels, failed conservative treatments, in…","Toenail surgery, including partial or total nail removal and matrixectomy, is medically n…",Free AI-powered tool to help you write persuasive insurance appeal letters.,toenail,surgery
Fight Health Insurance - Microsites,Appealing DEXA Scan Denials,https://fighthealthinsurance.com/microsite/dexa-scan-denial/,Appealing DEXA Scan Denials,Appeal Your DEXA Scan Denial,Start your DEXA scan appeal —…,Appeal DEXA Bone Density Scan…,Fight Insurance Denials,Free Appeal Help,AI-Powered Appeal Letters,Help appealing denials for bo…,,,,,,,,Don't let your insurer deny this important osteoporosis screening.,"We help you document your osteoporosis risk factors, fracture history, medication use, an…",DEXA (Dual-Energy X-ray Absorptiometry) scans measure bone density and are the gold stand…,Free AI-powered tool to help you write persuasive insurance appeal letters.,dexa,scan
